Kline open time,Open price,high,low,close,Volume,Kline Close time,Quote asset volume,Number of trades,Taker buy base asset volume,Taker buy quote asset volume,timestamp,short_ma,long_ma,rsi,macd,macd_signal,bb_upper,bb_middle,bb_lower,atr
2024-11-29 20:00:00-03:00,583681.0,584068.0,577731.0,579303.0,22.9355,2024-11-29 23:59:59.999000-03:00,13312008.53398,6231,10.88653,6318251.97657,2024-11-29 20:00:00-03:00,,,,,,,,,
2024-11-30 00:00:00-03:00,579276.0,582414.0,578108.0,578352.0,11.32456,2024-11-30 03:59:59.999000-03:00,6571487.98982,3037,4.72566,2741901.21478,2024-11-30 00:00:00-03:00,,,,,,,,,
2024-11-30 04:00:00-03:00,578520.0,580887.0,576601.0,576816.0,12.69232,2024-11-30 07:59:59.999000-03:00,7350187.88145,2870,6.23828,3613704.26491,2024-11-30 04:00:00-03:00,,,,,,,,,
2024-11-30 08:00:00-03:00,576753.0,582500.0,576501.0,580747.0,19.47958,2024-11-30 11:59:59.999000-03:00,11302651.7502,6506,10.70071,6208978.88666,2024-11-30 08:00:00-03:00,,,,,,,,,
2024-11-30 12:00:00-03:00,580691.0,584479.0,580479.0,584264.0,29.93844,2024-11-30 15:59:59.999000-03:00,17444207.93549,8877,14.74088,8590921.09006,2024-11-30 12:00:00-03:00,,,,,,584958.0684363818,579896.4,574834.7315636183,
2024-11-30 16:00:00-03:00,584280.0,584800.0,580634.0,581612.0,17.27443,2024-11-30 19:59:59.999000-03:00,10075246.74926,6388,7.94918,4637046.60691,2024-11-30 16:00:00-03:00,,,,,,585538.9700431725,580358.2,575177.4299568274,
2024-11-30 20:00:00-03:00,581612.0,582635.0,576606.0,576908.0,23.64258,2024-11-30 23:59:59.999000-03:00,13715314.1537,5232,9.54169,5537656.67969,2024-11-30 20:00:00-03:00,579714.5714285715,,,,,585797.4005027729,580069.4,574341.3994972272,
2024-12-01 00:00:00-03:00,577038.0,581277.0,577038.0,580051.0,6.87147,2024-12-01 03:59:59.999000-03:00,3985345.32185,2024,3.5625,2066054.3568,2024-12-01 00:00:00-03:00,579821.4285714285,,,,,585477.5065268342,580716.4,575955.2934731658,
2024-12-01 04:00:00-03:00,579951.0,584500.0,579720.0,582840.0,12.46228,2024-12-01 07:59:59.999000-03:00,7264944.84667,2668,6.76773,3945592.36126,2024-12-01 04:00:00-03:00,580462.5714285715,,,,,586192.0964001095,581135.0,576077.9035998905,
2024-12-01 08:00:00-03:00,582973.0,586999.0,582561.0,586228.0,43.51891,2024-12-01 11:59:59.999000-03:00,25467148.00557,9194,23.35041,13664406.18007,2024-12-01 08:00:00-03:00,581807.1428571428,,,,,587682.1044318425,581527.8,575373.4955681576,
2024-12-01 12:00:00-03:00,586519.0,587174.0,584130.0,585538.0,36.79155,2024-12-01 15:59:59.999000-03:00,21570924.56948,8067,19.24702,11286227.28924,2024-12-01 12:00:00-03:00,582491.5714285715,,,,,589260.5893948838,582313.0,575365.4106051162,
2024-12-01 16:00:00-03:00,585533.0,588412.0,582375.0,586146.0,48.0747,2024-12-01 19:59:59.999000-03:00,28111019.84674,7971,22.84753,13356627.74931,2024-12-01 16:00:00-03:00,582760.4285714285,,,,,588956.0964873367,584160.6,579365.1035126633,
2024-12-01 20:00:00-03:00,586173.0,590168.0,584081.0,587688.0,45.84716,2024-12-01 23:59:59.999000-03:00,26909095.40402,8833,23.35834,13708256.85566,2024-12-01 20:00:00-03:00,583628.4285714285,,,,,588867.3040747783,585688.0,582508.6959252217,
2024-12-02 00:00:00-03:00,587383.0,588021.0,579155.0,580180.0,29.49815,2024-12-02 03:59:59.999000-03:00,17182085.78158,5135,12.25915,7147403.22746,2024-12-02 00:00:00-03:00,584095.8571428572,,,,,590328.7600369534,585156.0,579983.2399630466,
2024-12-02 04:00:00-03:00,580301.0,581298.0,571117.0,572266.0,52.21577,2024-12-02 07:59:59.999000-03:00,30004906.55853,8402,22.13188,12715788.97257,2024-12-02 04:00:00-03:00,582983.7142857143,,42.158982015911576,,,593658.279639554,582363.6,571068.920360446,5470.571428571428
2024-12-02 08:00:00-03:00,572156.0,588931.0,571613.0,585714.0,105.10104,2024-12-02 11:59:59.999000-03:00,60825611.50136,13377,49.37393,28604151.51877,2024-12-02 08:00:00-03:00,583394.2857142857,,56.271926243583316,,,593733.8572931875,582398.8,571063.7427068126,6316.816326530612
2024-12-02 12:00:00-03:00,585714.0,592300.0,572001.0,580896.0,123.06501,2024-12-02 15:59:59.999000-03:00,71975268.63129,17963,57.75138,33819402.71179,2024-12-02 12:00:00-03:00,582632.5714285715,,51.430266648116095,,,592056.1359823928,581348.8,570641.4640176073,7315.543731778425
2024-12-02 16:00:00-03:00,580801.0,585950.0,578500.0,579944.0,39.52937,2024-12-02 19:59:59.999000-03:00,22988947.27704,7818,21.07572,12260654.58335,2024-12-02 16:00:00-03:00,581833.4285714285,,50.50557564564188,,,588430.3142005347,579800.0,571169.6857994653,7325.14775093711
2024-12-02 20:00:00-03:00,579923.0,585999.0,579669.0,584118.0,31.59389,2024-12-02 23:59:59.999000-03:00,18394089.67904,7382,16.82623,9799232.46861,2024-12-02 20:00:00-03:00,581543.7142857143,,54.37857054018605,,,589904.3401681117,580587.6,571270.8598318882,7254.065768727317
2024-12-03 00:00:00-03:00,584089.0,585463.0,580256.0,580863.0,8.94285,2024-12-03 03:59:59.999000-03:00,5224000.1362,2872,3.64165,2127150.8022,2024-12-03 00:00:00-03:00,580568.7142857143,,51.025366278751626,,,586738.4508685134,582307.0,577875.5491314866,7107.846785246795
2024-12-03 04:00:00-03:00,580715.0,582081.0,576375.0,576625.0,18.32836,2024-12-03 07:59:59.999000-03:00,10625247.11763,3649,9.08781,5269399.6558,2024-12-03 04:00:00-03:00,580060.8571428572,581290.4285714285,46.964690371817795,,,585281.0837047851,580489.2,575697.3162952148,7007.714872014882
2024-12-03 08:00:00-03:00,576625.0,583412.0,571306.0,580851.0,99.72893,2024-12-03 11:59:59.999000-03:00,57457150.30459,16056,46.30002,26685677.42382,2024-12-03 08:00:00-03:00,581287.2857142857,581364.1428571428,51.140267467901204,,,585269.1618750134,580480.2,575691.2381249865,7371.87809544239
2024-12-03 12:00:00-03:00,580845.0,586519.0,578110.0,579722.0,81.33852,2024-12-03 15:59:59.999000-03:00,47388252.72218,14504,36.63199,21347980.66012,2024-12-03 12:00:00-03:00,580431.2857142857,581429.380952381,50.007512991531435,,,585247.8843549963,580435.8,575623.7156450038,7445.958231482219
2024-12-03 16:00:00-03:00,579721.0,583961.0,577222.0,583812.0,43.03682,2024-12-03 19:59:59.999000-03:00,25015530.66325,8318,20.72969,12050893.15809,2024-12-03 16:00:00-03:00,580847.8571428572,581762.5238095238,53.98396745068877,,,585002.0482990099,580374.6,575747.15170099,7395.461214947775
2024-12-03 20:00:00-03:00,583977.0,584888.0,577101.0,580941.0,50.99332,2024-12-03 23:59:59.999000-03:00,29648364.3024,9880,22.54238,13108580.94412,2024-12-03 20:00:00-03:00,580990.2857142857,581771.7619047619,50.92206170806756,,,585024.6496804185,580390.2,575755.7503195814,7423.428271022934
2024-12-04 00:00:00-03:00,580940.0,585187.0,579930.0,584138.0,18.4129,2024-12-04 03:59:59.999000-03:00,10736511.81277,3140,9.20361,5367321.95173,2024-12-04 00:00:00-03:00,580993.1428571428,581765.7619047619,54.047630458553286,,,585405.9632241961,581892.8,578379.636775804,7268.683394521295
2024-12-04 04:00:00-03:00,584138.0,586652.0,583501.0,584881.0,25.85737,2024-12-04 07:59:59.999000-03:00,15136054.91774,3975,11.68889,6842868.95169,2024-12-04 04:00:00-03:00,581567.1428571428,581921.4285714285,54.76859463934003,,,586701.1699778629,582698.8,578696.4300221372,6974.563152055488
2024-12-04 08:00:00-03:00,584904.0,586499.0,580150.0,583296.0,61.28081,2024-12-04 11:59:59.999000-03:00,35750271.46728,10989,30.61773,17866158.33537,2024-12-04 08:00:00-03:00,582520.1428571428,582225.619047619,52.86320243986068,,,586091.5576098596,583413.6,580735.6423901403,6929.88006976581
2024-12-04 12:00:00-03:00,583078.0,586468.0,573874.0,583686.0,102.00853,2024-12-04 15:59:59.999000-03:00,59082661.77594,16474,47.39311,27458576.92546,2024-12-04 12:00:00-03:00,582925.1428571428,582398.7142857143,53.29377620586582,,,586053.2264783869,583388.4,580723.5735216131,7334.460064782537
2024-12-04 16:00:00-03:00,583419.0,599371.0,583122.0,593364.0,151.103426,2024-12-04 19:59:59.999000-03:00,89511834.046028,21505,83.280896,49291325.944948,2024-12-04 16:00:00-03:00,584874.0,582899.8571428572,62.458252812004176,,,593437.8274534125,585873.0,578308.1725465875,7971.21291729807
2024-12-04 20:00:00-03:00,593356.0,612499.0,592300.0,609963.0,156.854636,2024-12-04 23:59:59.999000-03:00,94264764.125136,22145,84.525976,50789841.677336,2024-12-04 20:00:00-03:00,588609.8571428572,584030.0952380953,72.44483562346463,,,611344.9449794868,591038.0,570731.0550205132,8844.626280348208
2024-12-05 00:00:00-03:00,610249.0,622972.0,609313.0,609986.0,123.92326,2024-12-05 03:59:59.999000-03:00,76472287.87803,17540,61.48964,37953430.03166,2024-12-05 00:00:00-03:00,592759.1428571428,585194.2857142857,72.45576923575369,,,619900.6588013482,596059.0,572217.3411986518,9188.510117466192
2024-12-05 04:00:00-03:00,609841.0,619537.0,608000.0,613765.0,85.09881,2024-12-05 07:59:59.999000-03:00,52335598.63935,12161,39.7607,24457021.31815,2024-12-05 04:00:00-03:00,596991.5714285715,586509.4761904762,74.26276171939695,,,625398.7397366506,602152.8,578906.8602633495,9356.259394790035
2024-12-05 08:00:00-03:00,613878.0,621105.0,612620.0,620247.0,130.38213,2024-12-05 11:59:59.999000-03:00,80552579.26261,22426,66.67419,41198479.79845,2024-12-05 08:00:00-03:00,602043.8571428572,588059.9047619047,77.04457430090672,7617.403965631733,2387.3445139022338,627230.2057685803,609465.0,591699.7942314197,9294.026580876462
2024-12-05 12:00:00-03:00,620247.0,620487.0,603560.0,603796.0,113.61263,2024-12-05 15:59:59.999000-03:00,69394270.97746,19971,49.41053,30166698.06636,2024-12-05 12:00:00-03:00,604972.4285714285,589184.4761904762,59.47477844074004,7466.15237299155,3403.1060857200973,622345.2206470143,611551.4,600757.5793529857,9839.238967956713
2024-12-05 16:00:00-03:00,603795.0,608279.0,563147.0,586131.0,182.26156,2024-12-05 19:59:59.999000-03:00,107856305.81132,27227,83.16504,49242391.10786,2024-12-05 16:00:00-03:00,605321.7142857143,589844.7142857143,47.06353661176513,5853.392266245093,3893.1633218250963,630035.1885067648,606785.0,583534.8114932352,12360.150470245519
2024-12-05 20:00:00-03:00,586267.0,605243.0,578694.0,591458.0,80.05213,2024-12-05 23:59:59.999000-03:00,47170307.23611,14309,43.38709,25570540.3734,2024-12-05 20:00:00-03:00,605049.4285714285,590118.2380952381,50.423336699140876,4948.074322027736,4104.145521865625,628874.3956883077,603079.4,577284.4043116923,13373.639722370837
2024-12-06 00:00:00-03:00,591500.0,595332.0,588868.0,593509.0,16.2704,2024-12-06 03:59:59.999000-03:00,9632075.34867,4025,7.39921,4379812.42301,2024-12-06 00:00:00-03:00,602698.8571428572,590718.8571428572,51.69456102202006,4346.003860637778,4152.517189620055,623145.8558529292,599028.2,574910.5441470707,12880.094027915778
2024-12-06 04:00:00-03:00,593637.0,596820.0,591676.0,595317.0,28.86825,2024-12-06 07:59:59.999000-03:00,17160437.43953,5612,14.65228,8709174.72095,2024-12-06 04:00:00-03:00,600603.2857142857,591450.9047619047,52.84248534373257,3968.9970448977547,4115.813160675595,605576.8853203797,594042.2,582507.5146796202,12327.515883064652
2024-12-06 08:00:00-03:00,595398.0,603514.0,588294.0,603321.0,87.72584,2024-12-06 11:59:59.999000-03:00,52228486.02621,15851,41.54556,24741822.46307,2024-12-06 08:00:00-03:00,599111.2857142857,592365.3333333334,57.64149064877587,4266.886325501371,4146.02779364075,605162.3895855659,593947.2,582732.010414434,12534.121891417177
2024-12-06 12:00:00-03:00,603322.0,618670.0,599087.0,616947.0,121.02646,2024-12-06 15:59:59.999000-03:00,73807220.3743,18255,63.24855,38564729.71658,2024-12-06 12:00:00-03:00,598639.8571428572,594083.619047619,64.30177708085172,5538.624236794771,4424.547082271554,618769.4084023727,600110.4,581451.3915976273,13037.61318488738
2024-12-06 16:00:00-03:00,616773.0,620438.0,611764.0,612688.0,76.67412,2024-12-06 19:59:59.999000-03:00,47303501.0973,14241,39.82819,24583182.08428,2024-12-06 16:00:00-03:00,599910.1428571428,595800.9047619047,61.069556838349314,6132.132580551202,4766.064181927484,622868.8316976421,604356.4,585843.968302358,12725.926528823995
2024-12-06 20:00:00-03:00,612533.0,613865.0,604639.0,611900.0,34.27902,2024-12-06 23:59:59.999000-03:00,20928714.17313,8071,15.91287,9719210.08018,2024-12-06 20:00:00-03:00,603591.4285714285,597279.4285714285,60.46396798099898,6464.389743544976,5105.729294250983,623526.060801358,608034.6,592543.139198642,12475.931776765137
2024-12-07 00:00:00-03:00,611901.0,611902.0,605305.0,608742.0,13.4525,2024-12-07 03:59:59.999000-03:00,8184148.19504,3300,5.73742,3490743.16264,2024-12-07 00:00:00-03:00,606060.5714285715,598661.3333333334,57.98243446866148,6399.116697531077,5364.406774907002,619783.7552149117,610719.6,601655.4447850883,12056.008078424771
2024-12-07 04:00:00-03:00,608776.0,611419.0,607010.0,609813.0,8.79586,2024-12-07 07:59:59.999000-03:00,5361482.7782,2857,4.84909,2955374.55263,2024-12-07 04:00:00-03:00,608389.7142857143,599899.4761904762,58.60295319010462,6360.488337291987,5563.623087383999,617699.694535968,612018.0,606336.305464032,11509.793215680143
2024-12-07 08:00:00-03:00,609832.0,612500.0,608122.0,610680.0,39.44843,2024-12-07 11:59:59.999000-03:00,24069607.05474,8273,23.18322,14145848.98141,2024-12-07 08:00:00-03:00,610584.4285714285,601315.619047619,59.12915451215077,6326.902148075635,5716.278899522325,613591.9254075548,610764.6,607937.2745924451,11000.379414560133
2024-12-07 12:00:00-03:00,610644.0,614996.0,610000.0,614402.0,34.33634,2024-12-07 15:59:59.999000-03:00,21014643.13687,8671,17.88882,10947567.58398,2024-12-07 12:00:00-03:00,612167.4285714285,602756.7619047619,61.397651743672185,6525.3984140960965,5878.10280243708,614999.5318785543,611107.4,607215.2681214458,10571.49517066298
2024-12-07 16:00:00-03:00,614375.0,616350.0,612677.0,612716.0,27.55939,2024-12-07 19:59:59.999000-03:00,16941878.01936,6511,13.56309,8337357.54334,2024-12-07 16:00:00-03:00,611563.0,604082.2380952381,59.779051736045815,6472.056190447183,5996.893480039101,615346.0946889869,611270.6,607195.1053110131,10078.745515615625
2024-12-07 20:00:00-03:00,612716.0,616999.0,612617.0,615826.0,35.87729,2024-12-07 23:59:59.999000-03:00,22048101.05988,7908,17.77189,10923604.76046,2024-12-07 20:00:00-03:00,612011.2857142857,605631.2857142857,61.78056968209991,6604.5993919707835,6118.434662425438,617166.9813375762,612687.4,608207.8186624239,9671.83512164308
2024-12-08 00:00:00-03:00,615962.0,616616.0,610137.0,612483.0,17.8114,2024-12-08 03:59:59.999000-03:00,10939441.04432,3321,7.79333,4786796.62901,2024-12-08 00:00:00-03:00,612094.5714285715,607002.5714285715,58.41548614996312,6366.499628013815,6168.047655543113,616735.6151556091,613221.4,609707.184844391,9443.775470097145
2024-12-08 04:00:00-03:00,612699.0,613546.0,606800.0,610186.0,23.99024,2024-12-08 07:59:59.999000-03:00,14623681.06018,3609,8.66286,5282642.31946,2024-12-08 04:00:00-03:00,612300.8571428572,607803.619047619,56.15229741729348,5924.165059352177,6119.271136304926,616932.4049504212,613122.6,609312.7950495788,9251.077222233063
2024-12-08 08:00:00-03:00,610000.0,617896.0,609263.0,613449.0,48.48766,2024-12-08 11:59:59.999000-03:00,29814154.49951,8585,22.63609,13921208.71915,2024-12-08 08:00:00-03:00,612820.2857142857,607969.619047619,58.60572807149237,5770.391080379719,6049.4951251198845,616557.6086937096,612932.0,609306.3913062904,9206.928849216416
2024-12-08 12:00:00-03:00,613487.0,616205.0,611341.0,613370.0,49.33219,2024-12-08 15:59:59.999000-03:00,30289658.96008,8265,25.94837,15935119.48889,2024-12-08 12:00:00-03:00,613204.5714285715,608130.7619047619,58.52035349042046,5577.851454912568,5955.166391078421,616694.9831231355,613062.8,609430.6168768646,8896.719645700958
2024-12-08 16:00:00-03:00,613370.0,616504.0,612081.0,616287.0,26.18431,2024-12-08 19:59:59.999000-03:00,16099746.01715,5551,14.52435,8930530.6962,2024-12-08 16:00:00-03:00,613473.8571428572,608250.8571428572,60.791587090139174,5596.131218949216,5883.35935665258,617075.0642851872,613155.0,609234.9357148128,8577.168242436604
2024-12-08 20:00:00-03:00,616237.0,621429.0,609701.0,610137.0,65.85186,2024-12-08 23:59:59.999000-03:00,40514534.43374,10370,29.90414,18404630.12711,2024-12-08 20:00:00-03:00,613105.4285714285,607769.4285714285,54.069522764380515,5056.081105656689,5717.903706453401,617313.077973031,612685.8,608058.5220269691,8802.227653691132
2024-12-09 00:00:00-03:00,610047.0,612399.0,606344.0,609351.0,21.14995,2024-12-09 03:59:59.999000-03:00,12896052.60181,3839,8.43948,5149060.875,2024-12-09 00:00:00-03:00,612180.4285714285,608033.9523809524,53.258964911517936,4512.644907428534,5476.851946648428,617538.5269088813,612518.8,607499.0730911188,8605.997106998908
2024-12-09 04:00:00-03:00,609277.0,613323.0,599068.0,607040.0,57.30125,2024-12-09 07:59:59.999000-03:00,34792266.85701,8239,22.39421,13607855.02869,2024-12-09 04:00:00-03:00,611402.8571428572,609029.619047619,50.84547295624288,3851.0963771081297,5151.700832740368,617713.6654383218,611237.0,604760.3345616782,9009.497313641843
2024-12-09 08:00:00-03:00,606939.0,610000.0,597543.0,608757.0,79.36075,2024-12-09 11:59:59.999000-03:00,47871405.13921,14036,37.66916,22724925.39604,2024-12-09 08:00:00-03:00,611198.7142857143,609853.380952381,52.56537471695759,3425.870646776166,4806.534795547528,616624.9468035438,610314.4,604003.8531964562,9255.747505524569
2024-12-09 12:00:00-03:00,608981.0,610500.0,594660.0,598238.0,78.78179,2024-12-09 15:59:59.999000-03:00,47229785.60755,14012,40.80149,24478152.71044,2024-12-09 12:00:00-03:00,609025.7142857143,610078.5714285715,42.70658123729928,2214.552816495765,4288.138399737176,615412.8929303056,606704.6,597996.3070696944,9726.051255129956
2024-12-09 16:00:00-03:00,598308.0,599440.0,579747.0,595236.0,152.44101,2024-12-09 19:59:59.999000-03:00,90414986.96541,26258,76.78595,45556625.12771,2024-12-09 16:00:00-03:00,606435.1428571428,610074.7142857143,40.37902213261359,1000.8017777689965,3630.67107534354,615390.844640927,603724.4,592057.955359073,10437.976165477816
2024-12-09 20:00:00-03:00,595236.0,602953.0,593351.0,594310.0,51.65544,2024-12-09 23:59:59.999000-03:00,30948853.13677,11900,28.58611,17119227.64668,2024-12-09 20:00:00-03:00,603295.5714285715,609645.619047619,39.660972843710276,-35.41686257557012,2897.453487759718,612777.986826179,600716.2,588654.4131738209,10378.2635822294
2024-12-10 00:00:00-03:00,594200.0,598657.0,587712.0,598390.0,40.34947,2024-12-10 03:59:59.999000-03:00,23925280.91954,6918,20.91123,12401176.59078,2024-12-10 00:00:00-03:00,601617.4285714285,608761.9523809524,44.35612514127816,-521.3953772319946,2213.6837147613755,609274.6259942999,598986.2,588697.7740057,10418.7447549273
2024-12-10 04:00:00-03:00,598441.0,600848.0,595095.0,599885.0,26.27414,2024-12-10 07:59:59.999000-03:00,15737761.434,4486,11.49364,6885191.15511,2024-12-10 04:00:00-03:00,600265.1428571428,608152.2857142857,46.01380185828052,-776.9466878349194,1615.5576342421164,601398.5857647359,597211.8,593025.0142352642,10085.477272432492
2024-12-10 08:00:00-03:00,599827.0,601114.0,589578.0,594440.0,73.37775,2024-12-10 11:59:59.999000-03:00,43658944.07325,12865,31.64941,18838374.75007,2024-12-10 08:00:00-03:00,598465.1428571428,607320.8571428572,41.19967393762833,-1402.6698321780423,1011.9121409580846,600982.6566480858,596452.2,591921.7433519141,10189.086038687314
2024-12-10 12:00:00-03:00,594500.0,596567.0,575082.0,580000.0,169.06371,2024-12-10 15:59:59.999000-03:00,98362424.05677,27247,77.87669,45313925.40987,2024-12-10 12:00:00-03:00,594357.0,605952.1904761905,31.72128925374831,-3028.832753447816,203.76316207690445,607502.5146745801,593405.0,579307.4853254199,10995.937035923935
2024-12-10 16:00:00-03:00,579861.0,591692.0,579131.0,590399.0,64.49222,2024-12-10 19:59:59.999000-03:00,37838411.97371,12135,35.41853,20778287.33781,2024-12-10 16:00:00-03:00,593237.1428571428,605027.7142857143,42.05922684781028,-3438.825552124181,-524.7545807633127,606865.9099637665,592622.8,578379.6900362336,11107.727247643654
2024-12-10 20:00:00-03:00,590465.0,593932.0,583605.0,592868.0,37.78427,2024-12-10 23:59:59.999000-03:00,22250037.71363,9671,20.21533,11905833.00952,2024-12-10 20:00:00-03:00,592898.8571428572,604179.5238095238,44.218717288945385,-3523.898821148323,-1124.5834288403148,604611.4136240672,591518.4,578425.3863759328,11051.961015669107
2024-12-11 00:00:00-03:00,592811.0,595347.0,592298.0,594963.0,19.48385,2024-12-11 03:59:59.999000-03:00,11571316.52276,3113,10.7545,6387312.04484,2024-12-11 00:00:00-03:00,592992.1428571428,603253.8571428572,46.055925456621715,-3383.2707690031966,-1576.3208968728911,601535.9566986946,590534.0,579532.0433013054,10480.320943121314
2024-12-11 04:00:00-03:00,595067.0,599741.0,592406.0,598496.0,13.3056,2024-12-11 07:59:59.999000-03:00,7940542.57616,3219,7.30382,4359268.89736,2024-12-11 04:00:00-03:00,593007.2857142857,602576.7142857143,49.10050706826997,-2952.70154559589,-1851.5970266174909,603871.9775521213,591345.2,578818.4224478786,10255.655161469793
2024-12-11 08:00:00-03:00,598457.0,603767.0,595825.0,603611.0,73.12164,2024-12-11 11:59:59.999000-03:00,43795378.74761,11945,35.4997,21265810.77584,2024-12-11 08:00:00-03:00,593539.5714285715,601995.0476190476,53.21727226730712,-2173.677777449484,-1916.0131767838895,605293.0432707975,596067.4,586841.7567292026,10090.394078507665
2024-12-11 12:00:00-03:00,603589.0,611999.0,602228.0,607830.0,83.42124,2024-12-11 15:59:59.999000-03:00,50727135.1171,16725,41.36242,25149190.66315,2024-12-11 12:00:00-03:00,595452.4285714285,601773.4761904762,56.35304893352583,-1202.0018590732943,-1773.2109132417704,610575.4207279993,599553.6,588531.7792720007,10067.580215757118
2024-12-11 16:00:00-03:00,607829.0,612000.0,604525.0,607164.0,52.08267,2024-12-11 19:59:59.999000-03:00,31638621.97467,11612,25.86655,15715260.78446,2024-12-11 16:00:00-03:00,599333.0,601629.5714285715,55.71814846558174,-480.147485883208,-1514.598227770058,612380.6074941278,602412.8,592444.9925058723,9882.395914631608
2024-12-11 20:00:00-03:00,607164.0,610584.0,602500.0,610491.0,23.3006,2024-12-11 23:59:59.999000-03:00,14122469.99391,6778,12.39424,7512434.17174,2024-12-11 20:00:00-03:00,602203.2857142857,601488.7142857143,58.24873461430765,356.2814103299752,-1140.4223001500513,613799.9709234249,605518.4,597236.8290765751,9753.939063586495
2024-12-12 00:00:00-03:00,610508.0,610509.0,602155.0,603531.0,14.53866,2024-12-12 03:59:59.999000-03:00,8806157.4542,3844,6.66929,4039390.40855,2024-12-12 00:00:00-03:00,603726.5714285715,601020.1904761905,51.604783374446384,452.32933288638014,-821.8719735427651,611839.225981326,606525.4,601211.5740186741,9653.943416187461
2024-12-12 04:00:00-03:00,603297.0,605814.0,602001.0,603105.0,10.62835,2024-12-12 07:59:59.999000-03:00,6418678.41861,3560,4.77167,2881250.945,2024-12-12 04:00:00-03:00,604889.7142857143,600392.4761904762,51.219693623236154,488.44289804727305,-559.8089992247574,611970.3795715688,606424.2,600878.0204284311,9236.733172174072
2024-12-12 08:00:00-03:00,603104.0,607423.0,593000.0,607403.0,82.50129,2024-12-12 11:59:59.999000-03:00,49473304.65558,14320,40.47257,24261615.74382,2024-12-12 08:00:00-03:00,606162.1428571428,600262.2857142857,54.878169582551365,854.0310998337809,-277.0409794130497,611808.3846130986,606338.8,600869.2153869015,9607.180802733068
2024-12-12 12:00:00-03:00,607423.0,616964.0,603070.0,611054.0,82.39921,2024-12-12 15:59:59.999000-03:00,50436029.19031,15322,42.19675,25831170.83935,2024-12-12 12:00:00-03:00,607225.4285714285,600343.380952381,57.77520207927621,1421.9759177595843,62.762400021477106,613805.36820552,607116.8,600428.2317944801,9913.382173966422
2024-12-12 16:00:00-03:00,610914.0,611900.0,599775.0,605983.0,50.2857,2024-12-12 19:59:59.999000-03:00,30334843.74876,10915,24.27847,14645379.16462,2024-12-12 16:00:00-03:00,606961.5714285715,600293.0476190476,52.71287903356458,1446.2178586671362,339.4534917506089,611994.9608808956,606215.2,600435.4391191043,10071.354875825962
2024-12-12 20:00:00-03:00,605994.0,606190.0,599000.0,600438.0,18.8701,2024-12-12 23:59:59.999000-03:00,11368764.46698,6307,8.10318,4883232.72869,2024-12-12 20:00:00-03:00,606000.7142857143,599896.9047619047,47.78260736907789,1006.3935347779188,472.8415003560709,612863.7769044046,605596.6,598329.4230955953,9865.543813266966
2024-12-13 00:00:00-03:00,600580.0,604482.0,600580.0,601638.0,6.16926,2024-12-13 03:59:59.999000-03:00,3716751.73915,2093,3.66287,2206569.71126,2024-12-13 00:00:00-03:00,604736.0,600058.8095238095,48.89656477977906,746.0594515624689,527.4850905973506,613051.5856796355,605303.2,597554.8143203644,9449.71925517647
2024-12-13 04:00:00-03:00,601638.0,607331.0,600507.0,606730.0,10.29166,2024-12-13 07:59:59.999000-03:00,6219207.65282,3023,5.77239,3489052.88265,2024-12-13 04:00:00-03:00,605193.0,600606.1428571428,53.43593994766761,939.7913299370557,609.9463384652915,612788.7240514875,605168.6,597548.4759485124,9262.16787980672
2024-12-13 08:00:00-03:00,606723.0,610817.0,604000.0,610817.0,47.38943,2024-12-13 11:59:59.999000-03:00,28768536.65124,9569,21.91409,13305710.81267,2024-12-13 08:00:00-03:00,606294.7142857143,601392.1904761905,56.756190477008595,1406.894182453514,769.3359072629361,612595.8568510055,605121.2,597646.5431489944,9087.513031249098
2024-12-13 12:00:00-03:00,610876.0,616899.0,604877.0,615167.0,88.00163,2024-12-13 15:59:59.999000-03:00,53959745.5904,15546,45.47133,27886433.50964,2024-12-13 12:00:00-03:00,607403.8571428572,602191.0952380953,60.02352647252339,2103.83352066495,1036.2354299433389,618026.670959065,606958.0,595889.329040935,9297.119243302734
2024-12-13 16:00:00-03:00,615043.0,616422.0,611700.0,614353.0,25.45502,2024-12-13 19:59:59.999000-03:00,15632825.90987,6934,13.09419,8042621.78698,2024-12-13 16:00:00-03:00,607875.1428571428,602880.0476190476,59.12330700430735,2560.958830993972,1341.1801101534654,619804.5789260108,609741.0,599677.4210739892,8970.325011638253
2024-12-13 20:00:00-03:00,614321.0,619999.0,612578.0,617279.0,52.32293,2024-12-13 23:59:59.999000-03:00,32283286.95015,8427,25.35669,15645610.01547,2024-12-13 20:00:00-03:00,609488.8571428572,603967.619047619,61.36629941163157,3123.3338310410036,1697.610854330973,620289.6681685246,612869.2,605448.7318314753,8859.658939378378
2024-12-14 00:00:00-03:00,617296.0,619500.0,614386.0,615838.0,13.05595,2024-12-14 03:59:59.999000-03:00,8053631.6487,2748,5.13123,3166149.6768,2024-12-14 00:00:00-03:00,611688.8571428572,605674.1904761905,59.63090655878431,3413.3959099263884,2040.7678654500562,619013.951517099,614690.8,610367.648482901,8592.111872279922
2024-12-14 04:00:00-03:00,615916.0,616371.0,613958.0,615489.0,7.76809,2024-12-14 07:59:59.999000-03:00,4777101.44116,1956,4.71612,2900041.46476,2024-12-14 04:00:00-03:00,613667.5714285715,606868.9523809524,59.19429637435327,3573.912969908677,2347.3968863417804,617549.2226194832,615625.2,613701.1773805167,8150.746738545642
2024-12-14 08:00:00-03:00,615421.0,617341.0,613277.0,616301.0,20.63789,2024-12-14 11:59:59.999000-03:00,12701470.43493,6122,11.56539,7118037.89628,2024-12-14 08:00:00-03:00,615034.8571428572,607984.8095238095,59.92942495972513,3723.7207750810776,2622.66166408964,617773.8524397177,615852.0,613930.1475602823,7858.8362572209535
2024-12-14 12:00:00-03:00,616301.0,618558.0,613839.0,614356.0,23.07124,2024-12-14 15:59:59.999000-03:00,14220189.89503,6178,12.30898,7589042.49084,2024-12-14 12:00:00-03:00,615540.4285714285,608908.2857142857,57.26806740078997,3643.4993030640762,2826.829191884527,617772.581083268,615852.6,613932.6189167319,7634.562238848028
2024-12-14 16:00:00-03:00,614445.0,617822.0,613229.0,616240.0,17.99219,2024-12-14 19:59:59.999000-03:00,11079684.41573,5215,10.84037,6676626.78572,2024-12-14 16:00:00-03:00,615693.7142857143,609753.2380952381,59.15995489126199,3689.4169611355755,2999.346745734737,617061.1239177326,615644.8,614228.4760822675,7417.307793216026
2024-12-14 20:00:00-03:00,616262.0,621856.0,616112.0,620605.0,31.57676,2024-12-14 23:59:59.999000-03:00,19562422.16554,6366,19.10693,11837386.93583,2024-12-14 20:00:00-03:00,616586.8571428572,610562.4761904762,63.22262477338016,4031.552824739949,3205.7879615357792,620843.5614027766,616598.2,612352.8385972233,7297.785807986309
2024-12-15 00:00:00-03:00,620670.0,625232.0,619183.0,619213.0,21.76914,2024-12-15 03:59:59.999000-03:00,13544929.60141,4916,11.63987,7242250.77701,2024-12-15 00:00:00-03:00,616863.1428571428,611104.5238095238,61.134058687759406,4142.621631555492,3393.1546955397216,621847.4054879694,617343.0,612838.5945120306,7208.586821701573
2024-12-15 04:00:00-03:00,619222.0,623725.0,618959.0,622772.0,11.08429,2024-12-15 07:59:59.999000-03:00,6884819.41057,2194,5.26788,3271360.01611,2024-12-15 04:00:00-03:00,617853.7142857143,611847.7619047619,64.37454064957896,4466.340820581187,3607.791920548015,624662.1876215712,618637.2,612612.2123784287,7034.116334437175
2024-12-15 08:00:00-03:00,622592.0,628700.0,622414.0,627968.0,39.59114,2024-12-15 11:59:59.999000-03:00,24793015.8367,7845,19.84603,12428020.8837,2024-12-15 08:00:00-03:00,619636.4285714285,612680.0,68.50339866906833,5083.56422143511,3902.9463807254338,629210.8898914895,621359.6,613508.3101085104,6980.679453405949
2024-12-15 12:00:00-03:00,627967.0,630377.0,625449.0,629465.0,36.6446,2024-12-15 15:59:59.999000-03:00,23040882.30658,8319,20.2905,12759635.81923,2024-12-15 12:00:00-03:00,621517.0,613914.9523809524,69.59667002706915,5628.630256617791,4248.083155903905,632082.2492224041,624004.6,615926.9507775959,6834.059492448381
2024-12-15 16:00:00-03:00,629470.0,630864.0,625345.0,630226.0,37.93553,2024-12-15 19:59:59.999000-03:00,23848153.82845,8200,18.39511,11566219.737,2024-12-15 16:00:00-03:00,623784.1428571428,615206.4285714285,70.16363692070638,6052.238913736772,4608.914307470479,634423.3314549803,625928.8,617434.2685450198,6740.126671559211
2024-12-15 20:00:00-03:00,629898.0,646964.0,629858.0,634039.0,106.93167,2024-12-15 23:59:59.999000-03:00,68208040.34424,15646,49.47449,31534198.22545,2024-12-15 20:00:00-03:00,626326.8571428572,616474.8095238095,72.89142180937435,6619.325594798778,5010.996564936138,636210.1547277241,628894.0,621577.8452722759,7480.5461950192675
2024-12-16 00:00:00-03:00,633974.0,638708.0,632621.0,637390.0,12.94998,2024-12-16 03:59:59.999000-03:00,8230315.18517,3083,6.23865,3963894.61992,2024-12-16 00:00:00-03:00,628724.7142857143,617728.9047619047,75.05027131672942,7255.506605946575,5459.898573138225,638680.4622134102,631817.6,624954.7377865898,7381.00718108932
2024-12-16 04:00:00-03:00,637390.0,639090.0,634531.0,636490.0,14.15492,2024-12-16 07:59:59.999000-03:00,9002020.39607,3799,8.57967,5455592.2452,2024-12-16 04:00:00-03:00,631192.8571428572,619181.619047619,73.36048956890886,7599.460314327851,5887.810921376151,639932.0297659291,633522.0,627111.9702340709,7179.43523958294
2024-12-16 08:00:00-03:00,636501.0,639703.0,626248.0,639500.0,63.20941,2024-12-16 11:59:59.999000-03:00,39964014.94136,10847,26.13206,16517519.4446,2024-12-16 08:00:00-03:00,633582.5714285715,621041.7142857143,75.35874005750277,8022.450139249559,6314.738764950833,641884.9478915499,635529.0,629173.0521084501,7627.689865327016
